date,category,region,quantity,unit_price,sales
2025-01-01,Clothing,East,4,51.23,204.92
2025-01-01,Clothing,West,4,61.66,246.64
2025-01-01,Grocery,West,2,18.87,37.74
2025-01-02,Home,South,2,81.51,163.02
2025-01-02,Clothing,West,1,73.33,73.33
2025-01-02,Clothing,South,6,66.99,401.94
2025-01-02,Beauty,South,3,40.79,122.37
2025-01-02,Grocery,South,5,19.34,96.7
2025-01-02,Beauty,West,3,34.96,104.88
2025-01-02,Home,North,7,106.8,747.6
2025-01-03,Beauty,West,1,34.84,34.84
2025-01-03,Clothing,North,1,54.05,54.05
2025-01-03,Electronics,North,1,268.18,268.18
2025-01-03,Clothing,West,1,65.03,65.03
2025-01-03,Clothing,East,1,52.47,52.47
2025-01-03,Grocery,East,4,16.44,65.76
2025-01-04,Grocery,North,5,16.14,80.7
2025-01-04,Clothing,North,2,64.41,128.82
2025-01-04,Clothing,South,1,62.23,62.23
2025-01-05,Electronics,North,6,250.57,1503.42
2025-01-05,Clothing,South,6,58.98,353.88
2025-01-06,Home,East,7,81.33,569.31
2025-01-06,Clothing,South,1,67.31,67.31
2025-01-06,Grocery,West,4,17.62,70.48
2025-01-06,Clothing,North,4,61.0,244.0
2025-01-06,Clothing,South,1,53.28,53.28
2025-01-07,Grocery,North,3,13.32,39.96
2025-01-07,Electronics,West,2,335.81,671.62
2025-01-07,Beauty,East,3,44.21,132.63
2025-01-08,Grocery,West,2,16.36,32.72
2025-01-08,Clothing,East,2,69.53,139.06
2025-01-08,Grocery,North,1,16.54,16.54
2025-01-09,Clothing,South,6,57.1,342.6
2025-01-09,Grocery,North,5,17.62,88.1
2025-01-09,Grocery,South,6,15.23,91.38
2025-01-09,Grocery,West,6,13.45,80.7
2025-01-09,Clothing,West,1,57.54,57.54
2025-01-10,Clothing,North,3,56.6,169.8
2025-01-10,Home,East,1,112.24,112.24
2025-01-10,Clothing,North,5,67.62,338.1
2025-01-10,Grocery,North,5,16.61,83.05
2025-01-11,Clothing,West,2,57.18,114.36
2025-01-11,Clothing,South,7,77.41,541.87
2025-01-11,Home,South,3,75.39,226.17
2025-01-12,Electronics,South,6,367.41,2204.46
2025-01-12,Beauty,North,2,36.91,73.82
2025-01-12,Home,South,5,101.98,509.9
2025-01-13,Clothing,East,4,57.33,229.32
2025-01-13,Home,South,4,105.41,421.64
2025-01-14,Home,South,6,97.37,584.22
2025-01-14,Home,North,6,115.84,695.04
2025-01-14,Home,South,5,78.69,393.45
2025-01-14,Clothing,South,3,54.08,162.24
2025-01-14,Grocery,East,6,16.3,97.8
2025-01-14,Grocery,East,5,14.18,70.9
2025-01-15,Electronics,South,1,316.83,316.83
2025-01-15,Electronics,North,7,255.46,1788.22
2025-01-15,Beauty,West,6,31.01,186.06
2025-01-16,Clothing,East,5,72.08,360.4
2025-01-16,Electronics,East,4,272.15,1088.6
2025-01-16,Clothing,West,2,52.1,104.2
2025-01-16,Beauty,East,5,41.97,209.85
2025-01-16,Electronics,East,7,353.25,2472.75
2025-01-16,Clothing,South,2,53.41,106.82
2025-01-16,Electronics,North,7,263.62,1845.34
2025-01-17,Clothing,North,3,56.36,169.08
2025-01-17,Clothing,East,1,67.76,67.76
2025-01-17,Beauty,West,6,45.33,271.98
2025-01-17,Grocery,West,4,12.23,48.92
2025-01-18,Home,East,6,80.92,485.52
2025-01-18,Clothing,East,5,61.12,305.6
2025-01-18,Home,West,2,115.32,230.64
2025-01-18,Home,West,5,74.65,373.25
2025-01-19,Electronics,South,3,267.27,801.81
2025-01-19,Home,North,6,79.66,477.96
2025-01-19,Beauty,South,6,36.3,217.8
2025-01-19,Grocery,East,3,16.16,48.48
2025-01-19,Grocery,South,7,18.83,131.81
2025-01-20,Clothing,North,7,58.21,407.47
2025-01-20,Home,South,3,81.68,245.04
2025-01-20,Clothing,South,5,60.09,300.45
2025-01-21,Clothing,South,6,63.2,379.2
2025-01-21,Clothing,East,7,54.53,381.71
2025-01-21,Grocery,North,7,12.56,87.92
2025-01-21,Grocery,South,4,16.83,67.32
2025-01-21,Grocery,North,7,12.49,87.43
2025-01-22,Grocery,South,7,13.44,94.08
2025-01-22,Clothing,East,4,73.36,293.44
2025-01-23,Grocery,North,6,16.22,97.32
2025-01-23,Clothing,North,2,51.68,103.36
2025-01-23,Clothing,North,1,77.74,77.74
2025-01-23,Electronics,West,3,261.99,785.97
2025-01-24,Clothing,East,1,75.84,75.84
2025-01-24,Grocery,North,1,15.6,15.6
2025-01-24,Grocery,East,2,12.15,24.3
2025-01-25,Grocery,East,4,15.77,63.08
2025-01-25,Clothing,North,6,77.01,462.06
2025-01-25,Beauty,East,4,42.27,169.08
2025-01-25,Grocery,East,6,16.59,99.54
2025-01-25,Electronics,South,5,324.35,1621.75
2025-01-26,Beauty,West,7,33.43,234.01
2025-01-27,Home,East,7,89.88,629.16
2025-01-27,Home,North,5,111.38,556.9
2025-01-28,Grocery,South,2,17.14,34.28
2025-01-28,Grocery,West,2,13.77,27.54
2025-01-28,Beauty,North,6,41.42,248.52
2025-01-28,Grocery,East,7,18.11,126.77
2025-01-29,Beauty,West,4,36.71,146.84
2025-01-29,Clothing,North,2,48.06,96.12
2025-01-29,Grocery,East,2,15.23,30.46
2025-01-30,Grocery,South,7,14.26,99.82
2025-01-30,Electronics,South,1,250.44,250.44
2025-01-31,Home,North,6,104.66,627.96
2025-01-31,Clothing,North,5,55.34,276.7
2025-01-31,Clothing,South,3,48.42,145.26
2025-01-31,Electronics,South,3,260.72,782.16
2025-01-31,Clothing,North,3,75.16,225.48
2025-01-31,Home,South,5,91.78,458.9
2025-01-31,Grocery,East,1,13.29,13.29
2025-01-31,Electronics,East,5,262.43,1312.15
2025-02-01,Clothing,South,2,55.85,111.7
2025-02-01,Clothing,West,3,74.45,223.35
2025-02-01,Clothing,East,5,66.54,332.7
2025-02-01,Grocery,North,3,14.05,42.15
2025-02-02,Home,East,3,111.01,333.03
2025-02-02,Beauty,West,5,32.16,160.8
2025-02-02,Electronics,South,1,256.45,256.45
2025-02-02,Clothing,East,5,50.55,252.75
2025-02-03,Beauty,South,1,44.02,44.02
2025-02-03,Clothing,South,4,53.72,214.88
2025-02-03,Beauty,South,7,40.48,283.36
2025-02-03,Electronics,East,7,263.35,1843.45
2025-02-03,Grocery,East,6,19.0,114.0
2025-02-04,Home,South,7,75.63,529.41
2025-02-04,Clothing,South,4,54.85,219.4
2025-02-04,Clothing,South,6,72.13,432.78
2025-02-04,Clothing,West,3,48.61,145.83
2025-02-04,Beauty,South,5,45.11,225.55
2025-02-04,Grocery,West,1,13.24,13.24
2025-02-04,Grocery,East,7,13.14,91.98
2025-02-04,Home,South,4,76.58,306.32
2025-02-04,Home,West,7,74.19,519.33
2025-02-05,Home,North,4,102.85,411.4
2025-02-05,Electronics,West,2,263.73,527.46
2025-02-06,Grocery,North,4,12.19,48.76
2025-02-06,Home,North,2,81.03,162.06
2025-02-07,Grocery,East,6,16.07,96.42
2025-02-07,Clothing,North,5,52.57,262.85
2025-02-07,Electronics,East,4,378.05,1512.2
2025-02-07,Grocery,East,4,18.63,74.52
2025-02-07,Clothing,South,7,63.3,443.1
2025-02-07,Electronics,South,6,369.93,2219.58
2025-02-08,Electronics,North,4,272.68,1090.72
2025-02-08,Electronics,North,4,245.57,982.28
2025-02-08,Clothing,South,3,72.45,217.35
2025-02-08,Grocery,North,5,12.51,62.55
2025-02-08,Clothing,West,4,54.07,216.28
2025-02-08,Home,West,3,95.03,285.09
2025-02-09,Electronics,North,1,365.99,365.99
2025-02-09,Electronics,East,3,278.37,835.11
2025-02-09,Grocery,East,7,16.85,117.95
2025-02-09,Grocery,East,1,15.49,15.49
2025-02-09,Grocery,West,2,18.0,36.0
2025-02-10,Clothing,West,1,61.13,61.13
2025-02-10,Beauty,West,2,35.09,70.18
2025-02-10,Grocery,East,7,17.43,122.01
2025-02-10,Electronics,North,5,307.31,1536.55
2025-02-11,Electronics,South,2,241.39,482.78
2025-02-11,Home,South,7,100.74,705.18
2025-02-11,Clothing,West,2,62.01,124.02
2025-02-11,Home,East,2,85.24,170.48
2025-02-11,Electronics,North,1,291.04,291.04
2025-02-12,Clothing,East,7,54.49,381.43
2025-02-12,Beauty,West,6,41.44,248.64
2025-02-12,Home,East,2,103.92,207.84
2025-02-12,Grocery,South,5,16.91,84.55
2025-02-13,Grocery,East,5,18.41,92.05
2025-02-13,Clothing,East,1,52.85,52.85
2025-02-13,Home,North,2,76.1,152.2
2025-02-13,Clothing,West,6,74.38,446.28
2025-02-13,Home,East,2,102.38,204.76
2025-02-13,Grocery,West,4,17.69,70.76
2025-02-13,Grocery,South,4,17.01,68.04
2025-02-13,Grocery,West,3,12.3,36.9
2025-02-13,Grocery,East,6,14.58,87.48
2025-02-13,Grocery,West,4,17.11,68.44
2025-02-14,Clothing,North,4,48.61,194.44
2025-02-14,Grocery,South,1,15.03,15.03
2025-02-14,Grocery,West,5,15.61,78.05
2025-02-14,Grocery,West,3,16.9,50.7
2025-02-15,Grocery,West,3,13.42,40.26
2025-02-15,Electronics,North,3,374.94,1124.82
2025-02-15,Home,East,1,108.31,108.31
2025-02-16,Clothing,East,3,75.72,227.16
2025-02-16,Clothing,East,2,76.62,153.24
2025-02-16,Electronics,North,1,290.55,290.55
2025-02-16,Grocery,North,1,18.1,18.1
2025-02-16,Clothing,East,3,70.69,212.07
2025-02-17,Clothing,East,7,63.84,446.88
2025-02-17,Electronics,West,3,312.65,937.95
2025-02-17,Grocery,South,6,15.0,90.0
2025-02-17,Grocery,West,5,12.23,61.15
2025-02-18,Home,South,3,93.53,280.59
2025-02-18,Home,West,4,96.86,387.44
2025-02-18,Beauty,North,3,36.94,110.82
2025-02-18,Electronics,East,1,299.45,299.45
2025-02-19,Beauty,South,2,33.04,66.08
2025-02-19,Clothing,South,3,49.56,148.68
2025-02-19,Home,West,3,106.15,318.45
2025-02-19,Grocery,East,7,13.22,92.54
2025-02-20,Beauty,South,7,43.85,306.95
2025-02-20,Grocery,South,5,18.6,93.0
2025-02-20,Grocery,West,3,18.76,56.28
2025-02-21,Electronics,East,4,354.48,1417.92
2025-02-21,Grocery,West,3,13.17,39.51
2025-02-21,Clothing,North,1,60.96,60.96
2025-02-21,Grocery,West,3,18.37,55.11
2025-02-21,Beauty,East,2,32.96,65.92
2025-02-21,Grocery,West,1,13.17,13.17
2025-02-21,Grocery,South,5,19.35,96.75
2025-02-21,Home,East,2,83.58,167.16
2025-02-21,Grocery,West,4,14.73,58.92
2025-02-21,Home,East,4,88.05,352.2
2025-02-22,Clothing,West,5,77.44,387.2
2025-02-22,Grocery,West,7,15.81,110.67
2025-02-22,Electronics,West,5,250.66,1253.3
2025-02-22,Electronics,North,6,282.19,1693.14
2025-02-22,Clothing,East,1,53.52,53.52
2025-02-22,Electronics,North,4,368.51,1474.04
2025-02-23,Beauty,South,3,35.96,107.88
2025-02-23,Grocery,North,3,12.53,37.59
2025-02-23,Clothing,South,1,62.36,62.36
2025-02-24,Home,South,4,77.64,310.56
2025-02-24,Grocery,North,3,15.4,46.2
2025-02-24,Grocery,North,3,13.43,40.29
2025-02-25,Clothing,North,7,65.58,459.06
2025-02-25,Grocery,South,5,17.97,89.85
2025-02-25,Electronics,West,5,346.8,1734.0
2025-02-25,Clothing,East,5,72.01,360.05
2025-02-25,Beauty,North,4,33.51,134.04
2025-02-26,Electronics,West,5,334.44,1672.2
2025-02-26,Grocery,South,7,18.09,126.63
2025-02-26,Home,West,2,107.71,215.42
2025-02-26,Grocery,South,2,14.03,28.06
2025-02-26,Beauty,North,6,30.73,184.38
2025-02-26,Clothing,South,4,66.47,265.88
2025-02-26,Clothing,West,1,53.44,53.44
2025-02-26,Home,North,5,72.17,360.85
2025-02-27,Grocery,South,4,14.14,56.56
2025-02-27,Electronics,South,1,305.19,305.19
2025-02-27,Grocery,East,4,17.78,71.12
2025-02-28,Clothing,East,1,57.4,57.4
2025-02-28,Clothing,North,2,60.41,120.82
2025-02-28,Home,East,4,109.29,437.16
2025-03-01,Electronics,East,5,300.33,1501.65
2025-03-01,Electronics,West,6,267.62,1605.72
2025-03-02,Clothing,East,3,54.65,163.95
2025-03-02,Beauty,West,3,34.0,102.0
2025-03-02,Clothing,West,2,58.66,117.32
2025-03-02,Electronics,West,5,375.78,1878.9
2025-03-02,Grocery,West,2,15.1,30.2
2025-03-02,Clothing,East,6,63.36,380.16
2025-03-02,Electronics,North,6,321.73,1930.38
2025-03-02,Clothing,North,3,68.37,205.11
2025-03-03,Home,West,4,101.4,405.6
2025-03-03,Clothing,West,3,65.28,195.84
2025-03-04,Beauty,East,1,39.56,39.56
2025-03-04,Home,South,3,72.14,216.42
2025-03-04,Clothing,West,4,65.86,263.44
2025-03-04,Grocery,West,3,13.29,39.87
2025-03-05,Home,West,6,116.89,701.34
2025-03-05,Grocery,South,6,13.21,79.26
2025-03-05,Home,West,1,76.83,76.83
2025-03-05,Electronics,West,6,318.57,1911.42
2025-03-05,Clothing,East,5,65.7,328.5
2025-03-06,Clothing,East,3,74.39,223.17
2025-03-06,Home,South,1,88.71,88.71
2025-03-06,Grocery,North,3,12.47,37.41
2025-03-06,Electronics,West,1,328.35,328.35
2025-03-06,Electronics,East,4,337.77,1351.08
2025-03-07,Electronics,North,5,347.41,1737.05
2025-03-07,Home,North,4,102.9,411.6
2025-03-07,Home,East,3,95.8,287.4
2025-03-08,Beauty,East,7,42.74,299.18
2025-03-08,Grocery,North,4,19.32,77.28
2025-03-08,Grocery,East,3,17.11,51.33
2025-03-08,Beauty,North,3,44.62,133.86
2025-03-08,Electronics,East,1,362.96,362.96
2025-03-08,Grocery,South,6,18.87,113.22
2025-03-09,Beauty,East,6,34.74,208.44
2025-03-10,Electronics,West,2,367.78,735.56
2025-03-10,Beauty,West,6,45.41,272.46
2025-03-10,Grocery,East,7,13.67,95.69
2025-03-11,Grocery,South,6,15.64,93.84
2025-03-11,Grocery,North,5,16.71,83.55
2025-03-12,Beauty,West,3,40.07,120.21
2025-03-12,Clothing,East,2,72.21,144.42
2025-03-12,Grocery,East,4,16.97,67.88
2025-03-12,Beauty,East,7,32.75,229.25
2025-03-13,Electronics,North,2,356.87,713.74
2025-03-13,Clothing,North,1,54.2,54.2
2025-03-13,Home,East,2,103.07,206.14
2025-03-13,Grocery,South,3,12.56,37.68
2025-03-14,Grocery,East,1,18.85,18.85
2025-03-14,Home,North,6,97.0,582.0
2025-03-14,Electronics,West,7,281.65,1971.55
2025-03-15,Beauty,West,2,30.64,61.28
2025-03-15,Beauty,North,2,31.45,62.9
2025-03-15,Grocery,East,4,19.04,76.16
2025-03-15,Grocery,North,2,19.02,38.04
2025-03-15,Grocery,West,6,12.55,75.3
2025-03-15,Beauty,South,7,28.34,198.38
2025-03-15,Clothing,South,4,57.97,231.88
2025-03-15,Electronics,South,1,379.18,379.18
2025-03-17,Electronics,North,2,255.44,510.88
2025-03-18,Grocery,South,3,18.48,55.44
2025-03-18,Grocery,East,6,14.06,84.36
2025-03-20,Beauty,North,1,39.61,39.61
2025-03-20,Clothing,East,5,57.94,289.7
2025-03-21,Home,South,5,112.55,562.75
2025-03-21,Clothing,East,6,51.79,310.74
2025-03-22,Grocery,South,7,18.19,127.33
2025-03-23,Grocery,West,6,17.78,106.68
2025-03-23,Grocery,South,7,17.81,124.67
2025-03-24,Clothing,North,2,57.84,115.68
2025-03-24,Electronics,East,6,290.49,1742.94
2025-03-24,Beauty,North,5,42.63,213.15
2025-03-25,Grocery,East,1,19.01,19.01
2025-03-25,Grocery,East,3,14.1,42.3
2025-03-26,Electronics,East,4,265.45,1061.8
2025-03-26,Electronics,North,7,265.78,1860.46
2025-03-26,Electronics,North,6,268.95,1613.7
2025-03-26,Clothing,South,1,60.2,60.2
2025-03-26,Beauty,North,6,43.51,261.06
2025-03-27,Electronics,East,2,268.51,537.02
2025-03-27,Clothing,North,6,60.0,360.0
2025-03-27,Grocery,South,1,14.27,14.27
2025-03-27,Grocery,West,1,15.75,15.75
2025-03-27,Clothing,East,5,55.22,276.1
2025-03-28,Grocery,North,2,19.44,38.88
2025-03-28,Grocery,North,1,16.87,16.87
2025-03-28,Beauty,South,1,32.88,32.88
2025-03-28,Grocery,East,2,16.65,33.3
2025-03-28,Grocery,West,2,16.12,32.24
2025-03-29,Clothing,South,4,53.91,215.64
2025-03-29,Grocery,North,3,16.26,48.78
2025-03-29,Home,South,1,101.33,101.33
2025-03-29,Grocery,North,1,15.83,15.83
2025-03-29,Clothing,West,5,69.97,349.85
2025-03-29,Grocery,North,5,13.41,67.05
2025-03-29,Clothing,West,2,71.72,143.44
2025-03-29,Home,North,1,94.4,94.4
2025-03-30,Electronics,North,7,253.19,1772.33
2025-03-30,Home,West,3,81.82,245.46
2025-03-30,Beauty,West,4,38.23,152.92
2025-03-31,Beauty,East,5,43.0,215.0
2025-03-31,Electronics,East,4,333.02,1332.08
2025-03-31,Clothing,West,6,75.66,453.96
2025-03-31,Clothing,South,2,61.89,123.78
2025-03-31,Grocery,West,3,12.98,38.94
2025-03-31,Home,East,5,102.51,512.55
2025-03-31,Electronics,East,7,308.88,2162.16
2025-03-31,Clothing,East,6,51.56,309.36
2025-04-01,Home,West,4,92.93,371.72
2025-04-01,Home,South,3,101.71,305.13
2025-04-02,Electronics,North,1,358.18,358.18
2025-04-02,Clothing,East,5,51.77,258.85
2025-04-02,Electronics,North,7,349.85,2448.95
2025-04-02,Clothing,South,4,62.26,249.04
2025-04-03,Grocery,South,5,15.44,77.2
2025-04-03,Beauty,South,4,37.61,150.44
2025-04-03,Electronics,East,1,371.23,371.23
2025-04-04,Grocery,South,1,17.7,17.7
2025-04-04,Clothing,West,5,57.7,288.5
2025-04-04,Clothing,West,7,53.23,372.61
2025-04-05,Electronics,East,3,347.5,1042.5
2025-04-06,Beauty,West,3,43.9,131.7
2025-04-06,Grocery,South,1,14.37,14.37
2025-04-06,Clothing,West,2,54.89,109.78
2025-04-07,Grocery,West,3,12.8,38.4
2025-04-07,Electronics,East,1,250.94,250.94
2025-04-08,Home,North,7,98.7,690.9
2025-04-08,Clothing,North,7,63.13,441.91
2025-04-08,Electronics,North,2,275.24,550.48
2025-04-08,Electronics,South,5,328.32,1641.6
2025-04-08,Grocery,West,5,17.65,88.25
2025-04-09,Grocery,West,7,13.66,95.62
2025-04-09,Clothing,South,1,63.05,63.05
2025-04-09,Home,West,1,76.82,76.82
2025-04-09,Beauty,North,5,40.18,200.9
2025-04-09,Grocery,East,5,19.17,95.85
2025-04-09,Electronics,South,1,275.15,275.15
2025-04-10,Grocery,East,5,12.68,63.4
2025-04-11,Grocery,West,1,15.83,15.83
2025-04-11,Clothing,North,1,52.16,52.16
2025-04-11,Clothing,West,4,63.48,253.92
2025-04-11,Electronics,West,3,366.93,1100.79
2025-04-11,Clothing,East,2,58.31,116.62
2025-04-12,Grocery,North,7,15.52,108.64
2025-04-12,Home,North,1,110.7,110.7
2025-04-12,Grocery,North,4,17.82,71.28
2025-04-12,Grocery,East,7,12.4,86.8
2025-04-12,Home,West,4,87.71,350.84
2025-04-13,Clothing,West,7,72.31,506.17
2025-04-13,Grocery,West,4,15.26,61.04
2025-04-13,Grocery,East,1,16.4,16.4
2025-04-13,Clothing,South,7,50.46,353.22
2025-04-14,Grocery,North,2,12.97,25.94
2025-04-14,Beauty,South,4,42.24,168.96
2025-04-14,Electronics,North,1,332.78,332.78
2025-04-14,Home,East,4,88.24,352.96
2025-04-14,Home,West,1,79.88,79.88
2025-04-14,Electronics,East,1,285.27,285.27
2025-04-14,Home,South,3,88.5,265.5
2025-04-15,Grocery,South,1,12.77,12.77
2025-04-16,Grocery,West,2,13.23,26.46
2025-04-16,Clothing,West,5,77.29,386.45
2025-04-16,Electronics,West,4,300.89,1203.56
2025-04-16,Electronics,South,2,275.32,550.64
2025-04-16,Home,North,5,94.88,474.4
2025-04-16,Clothing,South,5,75.42,377.1
2025-04-16,Clothing,West,7,69.0,483.0
2025-04-16,Clothing,East,2,69.54,139.08
2025-04-17,Grocery,North,7,17.74,124.18
2025-04-17,Grocery,South,4,17.81,71.24
2025-04-18,Home,South,4,81.98,327.92
2025-04-18,Clothing,West,1,56.25,56.25
2025-04-18,Grocery,North,3,15.98,47.94
2025-04-18,Electronics,South,6,278.6,1671.6
2025-04-19,Home,West,7,96.14,672.98
2025-04-19,Beauty,North,2,44.09,88.18
2025-04-19,Clothing,East,1,52.63,52.63
2025-04-19,Clothing,North,3,60.49,181.47
2025-04-20,Clothing,North,3,51.97,155.91
2025-04-20,Clothing,South,2,69.71,139.42
2025-04-20,Home,North,1,97.19,97.19
2025-04-20,Electronics,East,2,307.02,614.04
2025-04-20,Beauty,North,3,36.98,110.94
2025-04-20,Home,North,1,93.33,93.33
2025-04-20,Electronics,West,4,281.52,1126.08
2025-04-20,Grocery,North,2,18.97,37.94
2025-04-21,Clothing,East,6,61.27,367.62
2025-04-21,Beauty,South,6,33.13,198.78
2025-04-21,Clothing,East,6,66.04,396.24
2025-04-21,Clothing,West,1,68.5,68.5
2025-04-21,Electronics,East,4,253.98,1015.92
2025-04-21,Clothing,West,2,49.18,98.36
2025-04-22,Grocery,South,5,13.52,67.6
2025-04-22,Home,East,7,99.97,699.79
2025-04-22,Home,East,2,75.9,151.8
2025-04-22,Grocery,North,3,17.33,51.99
2025-04-22,Beauty,East,4,35.78,143.12
2025-04-23,Electronics,South,6,263.06,1578.36
2025-04-23,Clothing,South,7,77.71,543.97
2025-04-24,Beauty,South,2,40.76,81.52
2025-04-24,Electronics,North,4,326.85,1307.4
2025-04-24,Clothing,North,1,49.26,49.26
2025-04-24,Home,East,7,90.71,634.97
2025-04-25,Grocery,West,2,15.7,31.4
2025-04-25,Grocery,East,7,13.84,96.88
2025-04-25,Clothing,West,3,73.69,221.07
2025-04-25,Electronics,South,5,327.8,1639.0
2025-04-25,Clothing,South,3,51.52,154.56
2025-04-25,Electronics,West,4,316.1,1264.4
2025-04-25,Beauty,South,4,28.7,114.8
2025-04-26,Grocery,South,4,16.43,65.72
2025-04-26,Clothing,North,4,69.77,279.08
2025-04-26,Home,South,2,110.93,221.86
2025-04-26,Home,North,1,99.77,99.77
2025-04-26,Clothing,East,6,54.48,326.88
2025-04-26,Clothing,West,5,49.49,247.45
2025-04-26,Grocery,South,3,14.96,44.88
2025-04-27,Clothing,West,4,58.51,234.04
2025-04-27,Electronics,West,3,271.74,815.22
2025-04-27,Grocery,West,3,12.41,37.23
2025-04-27,Electronics,East,3,305.7,917.1
2025-04-27,Clothing,West,5,74.85,374.25
2025-04-28,Home,East,6,89.68,538.08
2025-04-28,Beauty,South,7,40.78,285.46
2025-04-28,Electronics,South,3,317.81,953.43
2025-04-28,Home,West,2,81.78,163.56
2025-04-28,Grocery,West,7,19.14,133.98
2025-04-29,Home,West,3,87.89,263.67
2025-04-29,Home,North,4,73.79,295.16
2025-04-29,Home,South,2,89.56,179.12
2025-04-30,Electronics,West,7,299.23,2094.61
2025-04-30,Electronics,West,5,305.86,1529.3
2025-04-30,Electronics,South,1,288.02,288.02
2025-05-01,Electronics,West,4,276.15,1104.6
2025-05-01,Grocery,North,3,14.03,42.09
2025-05-01,Clothing,East,2,68.76,137.52
2025-05-02,Grocery,North,7,16.92,118.44
2025-05-02,Clothing,East,2,55.84,111.68
2025-05-02,Grocery,South,6,18.93,113.58
2025-05-02,Clothing,West,6,59.53,357.18
2025-05-02,Grocery,West,1,12.84,12.84
2025-05-02,Grocery,South,5,16.05,80.25
2025-05-03,Grocery,North,7,19.13,133.91
2025-05-03,Clothing,East,6,67.81,406.86
2025-05-04,Home,South,2,111.41,222.82
2025-05-04,Home,South,6,84.62,507.72
2025-05-04,Electronics,South,4,291.2,1164.8
2025-05-04,Grocery,North,6,17.43,104.58
2025-05-05,Home,East,1,81.75,81.75
2025-05-05,Electronics,South,2,347.6,695.2
2025-05-06,Grocery,North,5,13.57,67.85
2025-05-06,Clothing,South,5,54.28,271.4
2025-05-06,Grocery,South,3,13.24,39.72
2025-05-06,Electronics,South,1,286.03,286.03
2025-05-07,Electronics,East,1,379.34,379.34
2025-05-07,Electronics,South,7,288.71,2020.97
2025-05-07,Home,North,1,92.37,92.37
2025-05-07,Beauty,East,2,33.82,67.64
2025-05-07,Beauty,West,2,31.84,63.68
2025-05-08,Clothing,East,1,52.84,52.84
2025-05-09,Electronics,East,1,353.01,353.01
2025-05-09,Electronics,North,5,330.78,1653.9
2025-05-10,Electronics,East,6,263.03,1578.18
2025-05-11,Beauty,West,1,45.47,45.47
2025-05-12,Grocery,South,3,16.63,49.89
2025-05-12,Home,West,4,77.14,308.56
2025-05-13,Grocery,East,3,19.12,57.36
2025-05-13,Grocery,North,6,14.68,88.08
2025-05-13,Home,North,3,86.06,258.18
2025-05-13,Clothing,West,1,66.25,66.25
2025-05-14,Grocery,South,4,13.57,54.28
2025-05-14,Clothing,East,3,48.79,146.37
2025-05-14,Beauty,North,3,37.87,113.61
2025-05-14,Grocery,West,7,15.19,106.33
2025-05-14,Electronics,East,1,365.5,365.5
2025-05-14,Electronics,South,6,344.26,2065.56
2025-05-15,Home,East,5,80.79,403.95
2025-05-15,Grocery,South,3,18.9,56.7
2025-05-15,Home,North,2,73.51,147.02
2025-05-16,Beauty,North,5,32.8,164.0
2025-05-16,Grocery,West,7,19.17,134.19
2025-05-16,Grocery,East,3,19.21,57.63
2025-05-16,Clothing,East,2,65.23,130.46
2025-05-16,Grocery,East,2,14.1,28.2
2025-05-16,Grocery,West,5,15.74,78.7
2025-05-17,Electronics,East,6,297.79,1786.74
2025-05-17,Clothing,West,7,48.62,340.34
2025-05-17,Electronics,South,3,313.01,939.03
2025-05-17,Home,South,3,96.79,290.37
2025-05-18,Electronics,East,2,276.79,553.58
2025-05-18,Home,East,3,92.46,277.38
2025-05-19,Grocery,East,5,17.99,89.95
2025-05-19,Beauty,North,6,36.25,217.5
2025-05-20,Electronics,East,1,332.25,332.25
2025-05-20,Grocery,South,4,13.41,53.64
2025-05-20,Electronics,South,7,337.37,2361.59
2025-05-21,Home,East,2,102.71,205.42
2025-05-21,Beauty,East,5,39.53,197.65
2025-05-21,Beauty,East,5,28.66,143.3
2025-05-21,Electronics,North,1,386.82,386.82
2025-05-22,Grocery,East,4,12.12,48.48
2025-05-22,Grocery,North,5,18.56,92.8
2025-05-22,Clothing,East,4,66.24,264.96
2025-05-23,Grocery,North,1,12.18,12.18
2025-05-23,Grocery,West,7,14.07,98.49
2025-05-24,Clothing,West,5,49.39,246.95
2025-05-24,Grocery,North,6,17.35,104.1
2025-05-24,Electronics,East,7,284.18,1989.26
2025-05-24,Electronics,North,6,240.67,1444.02
2025-05-24,Beauty,East,4,35.51,142.04
2025-05-25,Grocery,East,1,15.77,15.77
2025-05-26,Grocery,West,6,17.01,102.06
2025-05-26,Grocery,South,3,15.7,47.1
2025-05-27,Electronics,South,3,303.25,909.75
2025-05-27,Grocery,North,4,17.28,69.12
2025-05-27,Electronics,North,2,252.97,505.94
2025-05-28,Beauty,East,4,32.28,129.12
2025-05-28,Beauty,East,6,42.7,256.2
2025-05-29,Beauty,South,1,34.76,34.76
2025-05-29,Grocery,South,3,13.12,39.36
2025-05-29,Grocery,East,5,14.18,70.9
2025-05-29,Clothing,West,2,72.86,145.72
2025-05-30,Home,North,7,111.92,783.44
2025-05-30,Beauty,North,2,43.15,86.3
2025-05-30,Clothing,North,7,61.82,432.74
2025-05-30,Electronics,West,3,304.63,913.89
2025-05-30,Clothing,North,4,55.38,221.52
2025-05-30,Electronics,North,7,318.48,2229.36
2025-05-31,Clothing,East,1,74.46,74.46
2025-05-31,Clothing,West,4,58.39,233.56
2025-05-31,Clothing,North,4,67.89,271.56
2025-05-31,Clothing,North,6,55.9,335.4
2025-06-01,Clothing,South,5,56.23,281.15
2025-06-01,Clothing,South,4,73.75,295.0
2025-06-01,Grocery,East,5,16.13,80.65
2025-06-01,Electronics,South,6,330.4,1982.4
2025-06-01,Electronics,South,4,307.98,1231.92
2025-06-01,Grocery,North,1,17.34,17.34
2025-06-02,Electronics,South,3,335.39,1006.17
2025-06-02,Home,East,7,79.45,556.15
2025-06-02,Beauty,South,2,34.93,69.86
2025-06-02,Clothing,South,6,64.29,385.74
2025-06-02,Grocery,South,7,17.92,125.44
2025-06-02,Clothing,North,1,51.4,51.4
2025-06-02,Grocery,East,4,13.77,55.08
2025-06-02,Home,North,6,75.49,452.94
2025-06-02,Beauty,South,2,41.77,83.54
2025-06-02,Grocery,South,4,17.97,71.88
2025-06-02,Electronics,North,4,327.33,1309.32
2025-06-03,Grocery,East,2,16.73,33.46
2025-06-03,Electronics,South,3,323.14,969.42
2025-06-04,Clothing,North,4,69.73,278.92
2025-06-04,Clothing,East,7,61.09,427.63
2025-06-05,Beauty,South,4,42.0,168.0
2025-06-05,Grocery,West,3,15.13,45.39
2025-06-05,Home,North,6,73.02,438.12
2025-06-06,Electronics,West,5,306.73,1533.65
2025-06-06,Grocery,West,6,14.8,88.8
2025-06-07,Home,North,1,80.09,80.09
2025-06-07,Home,West,4,87.05,348.2
2025-06-07,Electronics,North,7,337.96,2365.72
2025-06-07,Grocery,West,6,14.67,88.02
2025-06-07,Electronics,South,2,310.01,620.02
2025-06-07,Beauty,North,6,33.0,198.0
2025-06-08,Home,West,6,106.89,641.34
2025-06-08,Electronics,South,5,377.82,1889.1
2025-06-08,Grocery,South,2,13.69,27.38
2025-06-08,Electronics,South,6,376.15,2256.9
2025-06-08,Beauty,North,1,34.55,34.55
2025-06-08,Grocery,North,4,15.48,61.92
2025-06-08,Home,North,7,85.76,600.32
2025-06-08,Electronics,East,2,342.38,684.76
2025-06-08,Electronics,East,4,341.24,1364.96
2025-06-08,Electronics,West,1,282.6,282.6
2025-06-09,Grocery,West,3,16.66,49.98
2025-06-09,Grocery,West,4,13.91,55.64
2025-06-09,Home,West,6,78.16,468.96
2025-06-09,Grocery,South,7,14.98,104.86
2025-06-10,Grocery,West,5,17.63,88.15
2025-06-10,Home,North,7,83.93,587.51
2025-06-10,Grocery,South,2,16.66,33.32
2025-06-10,Grocery,East,2,14.78,29.56
2025-06-10,Clothing,North,4,70.39,281.56
2025-06-11,Clothing,West,5,56.51,282.55
2025-06-11,Clothing,West,4,51.72,206.88
2025-06-11,Electronics,East,3,389.54,1168.62
2025-06-11,Home,East,2,115.28,230.56
2025-06-11,Grocery,South,2,14.37,28.74
2025-06-12,Electronics,North,6,270.65,1623.9
2025-06-12,Clothing,East,6,55.91,335.46
2025-06-12,Home,North,4,73.57,294.28
2025-06-12,Beauty,West,5,33.19,165.95
2025-06-12,Electronics,East,1,337.34,337.34
2025-06-12,Beauty,East,6,35.82,214.92
2025-06-13,Grocery,East,5,13.88,69.4
2025-06-13,Grocery,East,4,15.19,60.76
2025-06-13,Clothing,South,2,50.96,101.92
2025-06-13,Grocery,South,6,14.44,86.64
2025-06-13,Clothing,South,4,56.29,225.16
2025-06-13,Grocery,South,1,15.24,15.24
2025-06-13,Home,South,3,83.29,249.87
2025-06-14,Electronics,South,3,281.08,843.24
2025-06-14,Grocery,South,6,16.73,100.38
2025-06-14,Clothing,North,7,50.55,353.85
2025-06-14,Clothing,South,2,53.23,106.46
2025-06-14,Electronics,North,3,301.29,903.87
2025-06-14,Clothing,East,5,60.95,304.75
2025-06-15,Electronics,West,4,355.01,1420.04
2025-06-15,Clothing,South,4,73.5,294.0
2025-06-15,Home,West,2,75.18,150.36
2025-06-15,Clothing,West,7,48.89,342.23
2025-06-16,Clothing,West,3,75.29,225.87
2025-06-16,Beauty,East,1,29.21,29.21
2025-06-16,Clothing,West,2,54.46,108.92
2025-06-16,Clothing,East,5,75.9,379.5
2025-06-16,Electronics,West,3,261.75,785.25
2025-06-17,Grocery,East,5,14.58,72.9
2025-06-17,Beauty,West,1,37.45,37.45
2025-06-17,Home,East,5,83.35,416.75
2025-06-17,Home,North,7,90.38,632.66
2025-06-17,Beauty,North,5,35.29,176.45
2025-06-18,Clothing,South,6,64.15,384.9
2025-06-18,Clothing,East,1,64.26,64.26
2025-06-18,Grocery,South,1,13.35,13.35
2025-06-18,Clothing,South,4,64.8,259.2
2025-06-18,Clothing,North,5,50.01,250.05
2025-06-18,Grocery,South,6,18.42,110.52
2025-06-18,Grocery,South,4,15.65,62.6
2025-06-19,Clothing,North,6,62.13,372.78
2025-06-19,Beauty,West,4,29.53,118.12
2025-06-20,Grocery,West,7,13.15,92.05
2025-06-20,Clothing,North,4,72.74,290.96
2025-06-20,Grocery,East,5,15.08,75.4
2025-06-20,Clothing,West,5,51.09,255.45
2025-06-20,Grocery,East,2,13.34,26.68
2025-06-20,Beauty,South,1,39.41,39.41
2025-06-21,Home,West,7,101.61,711.27
2025-06-21,Clothing,North,4,51.6,206.4
2025-06-21,Electronics,South,6,328.43,1970.58
2025-06-21,Beauty,West,7,40.8,285.6
2025-06-21,Clothing,North,7,73.23,512.61
2025-06-22,Clothing,West,5,69.19,345.95
2025-06-22,Electronics,East,6,363.23,2179.38
2025-06-23,Electronics,West,1,321.75,321.75
2025-06-23,Grocery,West,2,17.95,35.9
2025-06-23,Grocery,North,5,16.59,82.95
2025-06-23,Grocery,West,6,14.49,86.94
2025-06-23,Grocery,West,4,18.41,73.64
2025-06-23,Beauty,South,2,28.79,57.58
2025-06-24,Electronics,South,3,351.27,1053.81
2025-06-24,Beauty,East,4,33.22,132.88
2025-06-24,Electronics,West,2,315.47,630.94
2025-06-24,Grocery,West,2,14.0,28.0
2025-06-24,Beauty,East,7,30.08,210.56
2025-06-25,Electronics,East,4,338.01,1352.04
2025-06-25,Clothing,South,4,54.05,216.2
2025-06-26,Electronics,North,3,312.14,936.42
2025-06-26,Clothing,North,1,76.41,76.41
2025-06-27,Grocery,East,3,14.66,43.98
2025-06-27,Electronics,East,7,286.29,2004.03
2025-06-28,Beauty,West,6,42.63,255.78
2025-06-28,Clothing,North,2,71.94,143.88
2025-06-28,Electronics,South,2,293.3,586.6
2025-06-28,Electronics,South,6,283.99,1703.94
2025-06-28,Grocery,North,1,18.21,18.21
2025-06-28,Home,East,7,77.19,540.33
2025-06-29,Grocery,East,4,13.94,55.76
2025-06-29,Beauty,West,2,37.56,75.12
2025-06-29,Clothing,East,5,67.76,338.8
2025-06-29,Grocery,West,7,13.03,91.21
2025-06-29,Electronics,West,6,295.81,1774.86
2025-06-30,Grocery,North,2,14.68,29.36
2025-06-30,Home,South,3,73.03,219.09
2025-06-30,Electronics,East,5,325.45,1627.25
2025-06-30,Clothing,East,2,76.33,152.66
2025-06-30,Home,North,4,100.59,402.36
2025-06-30,Home,East,2,94.37,188.74
2025-07-01,Grocery,East,5,15.38,76.9
2025-07-01,Electronics,East,6,243.02,1458.12
2025-07-01,Clothing,East,2,63.3,126.6
2025-07-02,Electronics,North,6,309.84,1859.04
2025-07-02,Grocery,North,6,16.36,98.16
2025-07-02,Electronics,East,7,240.95,1686.65
2025-07-02,Home,West,7,76.76,537.32
2025-07-02,Grocery,North,7,18.82,131.74
2025-07-02,Clothing,West,2,76.2,152.4
2025-07-03,Electronics,East,5,246.91,1234.55
2025-07-03,Electronics,East,3,377.5,1132.5
2025-07-03,Grocery,East,1,16.01,16.01
2025-07-03,Electronics,North,5,371.84,1859.2
2025-07-03,Beauty,North,5,45.32,226.6
2025-07-04,Electronics,East,3,283.27,849.81
2025-07-04,Electronics,East,2,382.39,764.78
2025-07-04,Grocery,East,3,16.67,50.01
2025-07-04,Clothing,South,6,64.41,386.46
2025-07-04,Electronics,East,1,308.93,308.93
2025-07-04,Beauty,West,4,30.2,120.8
2025-07-04,Grocery,East,4,18.72,74.88
2025-07-05,Clothing,West,2,75.55,151.1
2025-07-05,Electronics,West,4,241.03,964.12
2025-07-05,Grocery,East,7,15.28,106.96
2025-07-05,Home,North,1,84.59,84.59
2025-07-05,Grocery,East,1,16.24,16.24
2025-07-05,Grocery,North,5,14.78,73.9
2025-07-05,Clothing,East,7,69.86,489.02
2025-07-07,Grocery,West,7,14.35,100.45
2025-07-07,Grocery,South,5,17.11,85.55
2025-07-07,Clothing,North,6,51.32,307.92
2025-07-07,Electronics,South,3,316.88,950.64
2025-07-07,Clothing,North,5,53.59,267.95
2025-07-07,Electronics,North,3,389.83,1169.49
2025-07-08,Grocery,South,7,18.44,129.08
2025-07-08,Electronics,West,6,250.98,1505.88
2025-07-08,Electronics,East,5,288.6,1443.0
2025-07-08,Clothing,West,4,52.97,211.88
2025-07-08,Grocery,South,4,16.0,64.0
2025-07-08,Clothing,North,4,48.05,192.2
2025-07-09,Electronics,East,4,305.76,1223.04
2025-07-09,Beauty,West,6,44.31,265.86
2025-07-09,Home,South,7,109.9,769.3
2025-07-09,Electronics,East,4,280.18,1120.72
2025-07-10,Clothing,South,2,53.25,106.5
2025-07-10,Grocery,North,3,15.11,45.33
2025-07-10,Grocery,West,1,15.55,15.55
2025-07-10,Home,North,7,82.66,578.62
2025-07-10,Clothing,North,5,55.79,278.95
2025-07-11,Home,East,6,95.92,575.52
2025-07-11,Grocery,North,1,17.56,17.56
2025-07-11,Grocery,East,2,17.28,34.56
2025-07-11,Beauty,East,7,30.95,216.65
2025-07-12,Grocery,West,3,15.32,45.96
2025-07-12,Grocery,South,3,19.41,58.23
2025-07-13,Clothing,South,3,64.89,194.67
2025-07-13,Grocery,West,7,13.66,95.62
2025-07-13,Home,South,7,73.37,513.59
2025-07-13,Electronics,East,4,263.87,1055.48
2025-07-13,Grocery,South,6,19.06,114.36
2025-07-13,Grocery,West,6,12.54,75.24
2025-07-13,Clothing,West,3,74.04,222.12
2025-07-14,Clothing,West,7,60.37,422.59
2025-07-14,Clothing,West,6,65.87,395.22
2025-07-14,Home,East,1,93.55,93.55
2025-07-14,Electronics,West,3,284.26,852.78
2025-07-14,Grocery,South,3,19.0,57.0
2025-07-15,Clothing,East,5,63.61,318.05
2025-07-15,Electronics,East,2,343.73,687.46
2025-07-15,Beauty,West,6,41.24,247.44
2025-07-16,Grocery,West,1,19.08,19.08
2025-07-16,Clothing,West,3,77.99,233.97
2025-07-17,Clothing,North,4,73.48,293.92
2025-07-17,Electronics,East,2,345.28,690.56
2025-07-17,Grocery,West,3,12.84,38.52
2025-07-17,Clothing,South,2,59.37,118.74
2025-07-17,Grocery,West,3,19.46,58.38
2025-07-17,Electronics,North,3,386.49,1159.47
2025-07-18,Home,South,1,108.49,108.49
2025-07-18,Clothing,East,3,72.85,218.55
2025-07-18,Home,South,2,78.36,156.72
2025-07-18,Beauty,South,4,41.47,165.88
2025-07-18,Electronics,South,1,312.08,312.08
2025-07-19,Clothing,South,1,59.08,59.08
2025-07-19,Grocery,North,1,15.7,15.7
2025-07-19,Grocery,South,7,14.57,101.99
2025-07-19,Home,South,4,106.11,424.44
2025-07-19,Grocery,North,1,17.0,17.0
2025-07-20,Clothing,West,7,61.58,431.06
2025-07-20,Electronics,South,5,269.27,1346.35
2025-07-20,Clothing,West,6,54.77,328.62
2025-07-21,Clothing,West,6,63.28,379.68
2025-07-21,Electronics,North,3,317.36,952.08
2025-07-21,Electronics,West,1,310.25,310.25
2025-07-21,Beauty,South,5,29.24,146.2
2025-07-22,Clothing,West,1,76.6,76.6
2025-07-22,Electronics,North,2,352.66,705.32
2025-07-22,Electronics,West,7,257.51,1802.57
2025-07-22,Home,West,4,102.42,409.68
2025-07-22,Electronics,North,4,351.02,1404.08
2025-07-22,Clothing,South,5,61.52,307.6
2025-07-22,Grocery,West,7,13.7,95.9
2025-07-22,Home,South,5,77.88,389.4
2025-07-22,Electronics,East,5,337.62,1688.1
2025-07-22,Grocery,South,4,18.86,75.44
2025-07-23,Home,North,7,88.38,618.66
2025-07-23,Grocery,South,3,14.91,44.73
2025-07-23,Electronics,East,5,372.18,1860.9
2025-07-24,Clothing,West,6,49.66,297.96
2025-07-24,Clothing,South,2,76.19,152.38
2025-07-24,Grocery,North,3,15.48,46.44
2025-07-25,Electronics,South,6,341.08,2046.48
2025-07-26,Home,South,5,114.1,570.5
2025-07-26,Clothing,North,4,56.27,225.08
2025-07-26,Clothing,East,4,60.3,241.2
2025-07-26,Clothing,West,2,66.95,133.9
2025-07-26,Home,South,2,90.55,181.1
2025-07-26,Clothing,North,1,69.52,69.52
2025-07-26,Electronics,South,1,290.14,290.14
2025-07-27,Beauty,South,2,33.67,67.34
2025-07-27,Clothing,West,6,51.12,306.72
2025-07-28,Clothing,West,3,65.52,196.56
2025-07-28,Home,West,2,89.86,179.72
2025-07-28,Clothing,North,1,73.41,73.41
2025-07-28,Home,East,2,83.67,167.34
2025-07-28,Grocery,West,4,14.3,57.2
2025-07-28,Clothing,East,5,53.1,265.5
2025-07-29,Clothing,North,5,58.93,294.65
2025-07-29,Grocery,West,3,12.15,36.45
2025-07-30,Grocery,West,6,18.56,111.36
2025-07-30,Beauty,North,7,43.69,305.83
2025-07-31,Clothing,West,5,52.18,260.9
2025-07-31,Electronics,North,6,268.01,1608.06
2025-07-31,Clothing,East,7,70.98,496.86
2025-08-01,Electronics,North,1,258.09,258.09
2025-08-01,Home,East,5,85.28,426.4
2025-08-01,Electronics,North,1,322.24,322.24
2025-08-02,Home,East,2,101.2,202.4
2025-08-02,Home,South,2,91.04,182.08
2025-08-03,Clothing,North,5,55.14,275.7
2025-08-03,Home,East,6,80.72,484.32
2025-08-03,Grocery,East,7,16.59,116.13
2025-08-03,Grocery,East,2,18.28,36.56
2025-08-03,Home,East,7,112.92,790.44
2025-08-03,Grocery,East,7,12.68,88.76
2025-08-03,Clothing,North,2,65.16,130.32
2025-08-04,Electronics,East,5,328.39,1641.95
2025-08-04,Beauty,West,1,42.61,42.61
2025-08-04,Beauty,West,7,34.26,239.82
2025-08-04,Grocery,West,6,15.67,94.02
2025-08-04,Clothing,North,6,69.64,417.84
2025-08-04,Beauty,West,3,33.54,100.62
2025-08-05,Beauty,South,2,38.14,76.28
2025-08-05,Grocery,East,1,17.68,17.68
2025-08-05,Grocery,North,1,13.77,13.77
2025-08-06,Electronics,South,4,351.93,1407.72
2025-08-06,Clothing,North,6,73.85,443.1
2025-08-06,Grocery,South,1,12.53,12.53
2025-08-07,Clothing,South,1,48.22,48.22
2025-08-07,Electronics,South,5,275.32,1376.6
2025-08-07,Home,North,4,89.23,356.92
2025-08-07,Grocery,North,1,17.43,17.43
2025-08-07,Electronics,South,5,278.55,1392.75
2025-08-08,Clothing,North,7,58.34,408.38
2025-08-08,Clothing,North,3,62.38,187.14
2025-08-09,Electronics,East,3,316.32,948.96
2025-08-09,Clothing,West,2,77.61,155.22
2025-08-09,Beauty,North,4,38.33,153.32
2025-08-10,Electronics,West,2,268.63,537.26
2025-08-10,Electronics,West,1,338.3,338.3
2025-08-10,Clothing,East,2,59.92,119.84
2025-08-10,Grocery,North,4,17.68,70.72
2025-08-11,Clothing,South,7,72.5,507.5
2025-08-12,Electronics,East,5,304.68,1523.4
2025-08-12,Beauty,North,7,33.2,232.4
2025-08-12,Electronics,North,2,253.16,506.32
2025-08-12,Grocery,North,6,19.46,116.76
2025-08-13,Grocery,South,3,13.35,40.05
2025-08-13,Clothing,West,1,73.8,73.8
2025-08-13,Grocery,South,1,19.3,19.3
2025-08-13,Home,East,1,80.23,80.23
2025-08-13,Clothing,West,6,58.27,349.62
2025-08-13,Home,West,6,92.87,557.22
2025-08-13,Clothing,West,1,60.59,60.59
2025-08-14,Home,North,4,102.68,410.72
2025-08-15,Home,West,1,106.33,106.33
2025-08-15,Clothing,North,5,73.08,365.4
2025-08-15,Electronics,North,4,374.39,1497.56
2025-08-15,Clothing,North,4,65.77,263.08
2025-08-15,Beauty,South,4,40.09,160.36
2025-08-16,Electronics,West,4,367.3,1469.2
2025-08-16,Grocery,South,6,13.19,79.14
2025-08-17,Grocery,North,6,12.27,73.62
2025-08-17,Home,East,2,116.83,233.66
2025-08-18,Beauty,East,6,32.16,192.96
2025-08-18,Clothing,West,1,63.59,63.59
2025-08-18,Grocery,South,7,14.92,104.44
2025-08-18,Grocery,East,5,14.18,70.9
2025-08-18,Clothing,East,5,55.95,279.75
2025-08-19,Grocery,South,1,15.79,15.79
2025-08-19,Home,North,1,80.35,80.35
2025-08-19,Grocery,West,2,17.24,34.48
2025-08-19,Clothing,East,6,52.83,316.98
2025-08-20,Clothing,South,7,60.84,425.88
2025-08-20,Grocery,West,4,19.47,77.88
2025-08-20,Grocery,South,3,15.14,45.42
2025-08-20,Electronics,West,2,272.76,545.52
2025-08-20,Grocery,South,5,12.46,62.3
2025-08-20,Electronics,East,5,296.27,1481.35
2025-08-20,Beauty,North,7,42.01,294.07
2025-08-20,Clothing,West,3,51.03,153.09
2025-08-20,Home,South,6,88.49,530.94
2025-08-20,Electronics,North,4,296.34,1185.36
2025-08-20,Clothing,East,2,63.18,126.36
2025-08-21,Electronics,East,1,287.57,287.57
2025-08-21,Grocery,East,3,14.3,42.9
2025-08-21,Clothing,North,2,68.41,136.82
2025-08-21,Home,East,6,84.32,505.92
2025-08-21,Clothing,West,7,71.52,500.64
2025-08-21,Grocery,West,3,16.6,49.8
2025-08-21,Electronics,West,6,275.44,1652.64
2025-08-22,Grocery,South,2,15.75,31.5
2025-08-22,Grocery,South,1,12.89,12.89
2025-08-23,Electronics,South,1,364.85,364.85
2025-08-23,Grocery,North,2,18.4,36.8
2025-08-24,Home,South,6,94.11,564.66
2025-08-25,Clothing,East,5,70.11,350.55
2025-08-25,Grocery,North,7,14.73,103.11
2025-08-25,Clothing,West,1,55.1,55.1
2025-08-26,Clothing,North,4,50.54,202.16
2025-08-26,Clothing,South,3,57.71,173.13
2025-08-26,Home,South,1,88.39,88.39
2025-08-26,Beauty,South,1,31.99,31.99
2025-08-26,Clothing,West,3,66.8,200.4
2025-08-26,Home,West,1,77.53,77.53
2025-08-26,Electronics,North,2,246.58,493.16
2025-08-26,Electronics,North,7,262.47,1837.29
2025-08-27,Electronics,East,6,351.99,2111.94
2025-08-27,Clothing,West,5,61.52,307.6
2025-08-27,Grocery,North,6,17.59,105.54
2025-08-27,Beauty,West,6,29.95,179.7
2025-08-27,Beauty,West,1,36.46,36.46
2025-08-27,Clothing,East,3,74.18,222.54
2025-08-27,Grocery,East,7,15.98,111.86
2025-08-28,Electronics,East,7,314.51,2201.57
2025-08-28,Home,South,2,91.57,183.14
2025-08-29,Grocery,South,3,19.28,57.84
2025-08-29,Beauty,South,1,41.81,41.81
2025-08-30,Electronics,East,6,317.87,1907.22
2025-08-30,Grocery,North,5,17.01,85.05
2025-08-30,Electronics,West,1,359.73,359.73
2025-08-30,Grocery,North,2,16.04,32.08
2025-08-31,Grocery,West,6,16.15,96.9
2025-08-31,Grocery,West,5,18.57,92.85
2025-08-31,Home,East,2,93.35,186.7
2025-08-31,Beauty,West,6,37.74,226.44
2025-08-31,Clothing,North,6,54.6,327.6
2025-08-31,Home,South,6,91.69,550.14
2025-09-01,Beauty,North,4,44.92,179.68
2025-09-01,Electronics,West,5,270.55,1352.75
2025-09-01,Grocery,North,6,18.32,109.92
2025-09-02,Grocery,East,6,16.48,98.88
2025-09-02,Beauty,South,3,31.52,94.56
2025-09-02,Electronics,West,5,282.03,1410.15
2025-09-02,Clothing,South,5,66.73,333.65
2025-09-02,Clothing,North,3,51.19,153.57
2025-09-02,Grocery,South,5,16.8,84.0
2025-09-03,Grocery,North,3,14.06,42.18
2025-09-03,Clothing,East,5,53.76,268.8
2025-09-03,Grocery,North,3,17.28,51.84
2025-09-04,Clothing,North,3,58.5,175.5
2025-09-04,Electronics,West,6,247.03,1482.18
2025-09-04,Clothing,North,6,66.89,401.34
2025-09-04,Beauty,West,3,40.5,121.5
2025-09-05,Home,North,1,83.2,83.2
2025-09-05,Grocery,East,2,15.11,30.22
2025-09-05,Beauty,East,5,36.67,183.35
2025-09-05,Grocery,East,2,18.23,36.46
2025-09-05,Beauty,North,2,36.54,73.08
2025-09-05,Home,North,3,90.94,272.82
2025-09-06,Home,East,4,108.96,435.84
2025-09-06,Clothing,West,5,68.64,343.2
2025-09-07,Grocery,North,7,17.29,121.03
2025-09-07,Beauty,East,3,41.97,125.91
2025-09-07,Home,North,3,84.34,253.02
2025-09-07,Clothing,North,7,50.19,351.33
2025-09-08,Home,East,7,104.53,731.71
2025-09-08,Grocery,West,1,18.49,18.49
2025-09-08,Grocery,North,2,17.59,35.18
2025-09-08,Electronics,North,1,377.29,377.29
2025-09-08,Clothing,North,1,68.43,68.43
2025-09-09,Electronics,West,4,242.73,970.92
2025-09-09,Electronics,West,2,373.32,746.64
2025-09-10,Home,East,6,93.22,559.32
2025-09-10,Home,South,1,107.44,107.44
2025-09-11,Home,North,1,106.89,106.89
2025-09-11,Grocery,West,3,17.3,51.9
2025-09-12,Grocery,North,7,16.21,113.47
2025-09-12,Electronics,West,4,271.1,1084.4
2025-09-12,Beauty,East,6,32.87,197.22
2025-09-12,Clothing,East,4,51.28,205.12
2025-09-12,Clothing,North,7,56.6,396.2
2025-09-12,Home,North,7,73.62,515.34
2025-09-13,Grocery,East,6,15.3,91.8
2025-09-13,Clothing,West,3,48.7,146.1
2025-09-13,Electronics,West,2,347.24,694.48
2025-09-13,Home,North,6,74.1,444.6
2025-09-13,Grocery,South,7,16.19,113.33
2025-09-13,Grocery,East,3,16.83,50.49
2025-09-14,Electronics,North,5,377.42,1887.1
2025-09-14,Electronics,North,7,387.57,2712.99
2025-09-14,Electronics,West,5,318.28,1591.4
2025-09-15,Grocery,South,5,12.61,63.05
2025-09-15,Home,South,4,94.1,376.4
2025-09-15,Clothing,North,1,76.22,76.22
2025-09-16,Grocery,South,7,12.63,88.41
2025-09-16,Beauty,North,6,33.53,201.18
2025-09-16,Clothing,South,1,74.1,74.1
2025-09-17,Grocery,East,6,13.34,80.04
2025-09-17,Electronics,North,3,240.14,720.42
2025-09-17,Grocery,South,5,16.68,83.4
2025-09-18,Clothing,North,3,65.86,197.58
2025-09-18,Clothing,West,2,66.28,132.56
2025-09-19,Beauty,West,4,29.02,116.08
2025-09-19,Clothing,North,2,74.96,149.92
2025-09-19,Electronics,East,6,320.49,1922.94
2025-09-19,Clothing,North,3,65.44,196.32
2025-09-19,Home,South,4,110.28,441.12
2025-09-19,Clothing,West,5,51.89,259.45
2025-09-20,Clothing,South,5,62.23,311.15
2025-09-20,Beauty,South,5,29.26,146.3
2025-09-21,Clothing,South,3,50.29,150.87
2025-09-21,Grocery,West,3,15.32,45.96
2025-09-21,Electronics,South,2,276.45,552.9
2025-09-21,Clothing,South,6,77.69,466.14
2025-09-21,Clothing,South,7,64.09,448.63
2025-09-21,Beauty,West,7,34.67,242.69
2025-09-21,Grocery,West,2,18.92,37.84
2025-09-22,Beauty,West,2,33.39,66.78
2025-09-22,Clothing,North,7,59.38,415.66
2025-09-22,Electronics,South,4,256.36,1025.44
2025-09-22,Home,South,2,103.47,206.94
2025-09-23,Electronics,South,4,289.08,1156.32
2025-09-23,Grocery,South,7,17.21,120.47
2025-09-24,Clothing,East,7,75.49,528.43
2025-09-24,Clothing,North,5,61.78,308.9
2025-09-24,Beauty,East,3,41.58,124.74
2025-09-24,Clothing,West,6,56.44,338.64
2025-09-24,Grocery,North,7,14.41,100.87
2025-09-25,Clothing,North,5,54.72,273.6
2025-09-25,Home,East,2,86.32,172.64
2025-09-25,Beauty,East,7,29.14,203.98
2025-09-26,Grocery,West,1,16.15,16.15
2025-09-26,Electronics,East,7,364.19,2549.33
2025-09-26,Clothing,West,1,49.59,49.59
2025-09-26,Clothing,South,4,63.66,254.64
2025-09-26,Clothing,North,3,63.89,191.67
2025-09-26,Beauty,North,7,28.91,202.37
2025-09-26,Grocery,South,2,15.89,31.78
2025-09-26,Electronics,North,5,253.26,1266.3
2025-09-26,Beauty,North,5,34.04,170.2
2025-09-27,Clothing,West,6,70.6,423.6
2025-09-27,Clothing,North,4,67.68,270.72
2025-09-27,Home,West,3,84.98,254.94
2025-09-27,Grocery,North,2,18.39,36.78
2025-09-27,Grocery,North,4,15.09,60.36
2025-09-27,Electronics,East,6,259.11,1554.66
2025-09-27,Electronics,West,1,267.26,267.26
2025-09-27,Clothing,North,4,55.51,222.04
2025-09-28,Electronics,North,5,241.12,1205.6
2025-09-28,Home,South,3,113.82,341.46
2025-09-29,Electronics,South,6,260.63,1563.78
2025-09-29,Home,North,2,89.72,179.44
2025-09-29,Grocery,West,5,19.02,95.1
2025-09-29,Electronics,South,1,289.64,289.64
2025-09-29,Home,East,2,111.06,222.12
2025-09-30,Grocery,South,2,15.59,31.18
2025-09-30,Clothing,West,6,59.71,358.26
2025-09-30,Clothing,North,6,74.63,447.78
2025-10-01,Grocery,West,2,15.37,30.74
2025-10-01,Clothing,South,3,52.82,158.46
2025-10-01,Electronics,East,5,280.94,1404.7
2025-10-01,Electronics,West,4,317.79,1271.16
2025-10-02,Clothing,West,3,62.29,186.87
2025-10-02,Home,North,1,91.26,91.26
2025-10-02,Clothing,North,5,54.41,272.05
2025-10-03,Grocery,East,1,16.92,16.92
2025-10-04,Grocery,West,6,12.71,76.26
2025-10-04,Grocery,South,2,13.76,27.52
2025-10-04,Grocery,North,5,16.99,84.95
2025-10-04,Clothing,East,3,57.74,173.22
2025-10-05,Beauty,South,1,45.16,45.16
2025-10-05,Electronics,West,5,277.3,1386.5
2025-10-05,Beauty,North,6,31.95,191.7
2025-10-05,Grocery,North,3,12.12,36.36
2025-10-06,Home,West,7,110.27,771.89
2025-10-06,Clothing,East,4,77.08,308.32
2025-10-06,Home,South,5,116.51,582.55
2025-10-06,Grocery,South,7,14.55,101.85
2025-10-06,Grocery,South,1,16.76,16.76
2025-10-07,Clothing,North,7,76.59,536.13
2025-10-07,Electronics,West,1,320.55,320.55
2025-10-07,Clothing,East,2,77.87,155.74
2025-10-07,Beauty,West,7,44.09,308.63
2025-10-08,Clothing,East,3,71.85,215.55
2025-10-08,Clothing,West,4,63.19,252.76
2025-10-08,Clothing,West,3,53.43,160.29
2025-10-09,Electronics,North,5,342.92,1714.6
2025-10-09,Home,East,1,93.76,93.76
2025-10-09,Home,East,6,88.17,529.02
2025-10-09,Clothing,South,6,65.84,395.04
2025-10-09,Clothing,South,4,63.53,254.12
2025-10-09,Grocery,North,7,14.6,102.2
2025-10-09,Clothing,West,4,62.01,248.04
2025-10-10,Grocery,South,1,19.03,19.03
2025-10-10,Clothing,East,6,63.35,380.1
2025-10-10,Clothing,North,5,55.24,276.2
2025-10-10,Clothing,North,6,57.66,345.96
2025-10-11,Beauty,North,7,33.12,231.84
2025-10-11,Beauty,North,6,41.46,248.76
2025-10-11,Grocery,East,5,18.41,92.05
2025-10-11,Home,South,3,79.22,237.66
2025-10-11,Home,East,6,96.2,577.2
2025-10-12,Grocery,West,3,13.51,40.53
2025-10-12,Clothing,South,4,74.32,297.28
2025-10-12,Grocery,West,3,14.05,42.15
2025-10-12,Electronics,South,2,331.26,662.52
2025-10-12,Grocery,South,4,12.21,48.84
2025-10-12,Clothing,West,7,57.01,399.07
2025-10-12,Grocery,South,4,14.27,57.08
2025-10-12,Grocery,North,1,18.03,18.03
2025-10-12,Grocery,South,5,14.97,74.85
2025-10-12,Home,East,7,75.08,525.56
2025-10-13,Electronics,West,4,358.86,1435.44
2025-10-13,Clothing,West,1,52.77,52.77
2025-10-13,Clothing,East,6,67.89,407.34
2025-10-13,Home,West,4,105.57,422.28
2025-10-13,Beauty,South,4,33.28,133.12
2025-10-14,Home,West,2,111.27,222.54
2025-10-14,Grocery,East,2,15.72,31.44
2025-10-14,Clothing,North,5,70.0,350.0
2025-10-14,Grocery,West,7,16.95,118.65
2025-10-14,Electronics,West,1,358.5,358.5
2025-10-14,Grocery,South,4,13.0,52.0
2025-10-14,Clothing,North,1,58.21,58.21
2025-10-14,Clothing,South,2,72.6,145.2
2025-10-15,Beauty,South,6,37.25,223.5
2025-10-15,Beauty,West,1,33.94,33.94
2025-10-15,Home,South,1,100.73,100.73
2025-10-15,Electronics,West,5,344.22,1721.1
2025-10-15,Grocery,South,5,13.65,68.25
2025-10-16,Beauty,North,4,35.9,143.6
2025-10-17,Clothing,East,6,66.08,396.48
2025-10-17,Electronics,South,7,381.0,2667.0
2025-10-17,Clothing,North,3,60.45,181.35
2025-10-17,Grocery,South,7,13.25,92.75
2025-10-17,Beauty,North,6,40.6,243.6
2025-10-17,Grocery,West,1,13.98,13.98
2025-10-18,Clothing,South,7,56.14,392.98
2025-10-18,Electronics,North,5,386.17,1930.85
2025-10-18,Grocery,South,4,17.8,71.2
2025-10-18,Clothing,North,6,66.12,396.72
2025-10-18,Electronics,West,5,287.2,1436.0
2025-10-18,Electronics,East,1,355.28,355.28
2025-10-19,Grocery,North,4,13.13,52.52
2025-10-19,Electronics,West,4,315.56,1262.24
2025-10-20,Electronics,West,1,259.11,259.11
2025-10-20,Electronics,East,4,378.45,1513.8
2025-10-20,Clothing,West,1,63.74,63.74
2025-10-20,Beauty,East,2,37.93,75.86
2025-10-20,Grocery,North,2,15.02,30.04
2025-10-20,Grocery,North,4,19.12,76.48
2025-10-20,Electronics,North,4,251.05,1004.2
2025-10-20,Clothing,South,6,77.2,463.2
2025-10-21,Clothing,East,5,77.58,387.9
2025-10-21,Home,South,4,88.5,354.0
2025-10-21,Clothing,South,1,48.42,48.42
2025-10-21,Electronics,East,2,338.34,676.68
2025-10-21,Home,North,7,100.92,706.44
2025-10-21,Clothing,South,4,62.15,248.6
2025-10-21,Clothing,East,3,56.19,168.57
2025-10-22,Electronics,North,2,247.74,495.48
2025-10-22,Electronics,North,3,306.36,919.08
2025-10-23,Grocery,West,7,13.48,94.36
2025-10-23,Grocery,North,5,12.41,62.05
2025-10-23,Clothing,East,6,63.17,379.02
2025-10-23,Grocery,North,2,12.23,24.46
2025-10-23,Grocery,East,2,18.92,37.84
2025-10-24,Beauty,North,1,39.35,39.35
2025-10-25,Grocery,North,7,12.36,86.52
2025-10-25,Beauty,West,5,33.34,166.7
2025-10-26,Beauty,West,1,42.3,42.3
2025-10-26,Electronics,South,1,318.74,318.74
2025-10-27,Home,South,3,86.92,260.76
2025-10-27,Electronics,North,4,260.4,1041.6
2025-10-27,Electronics,South,1,260.02,260.02
2025-10-27,Home,West,5,112.98,564.9
2025-10-27,Grocery,East,1,12.05,12.05
2025-10-28,Clothing,North,7,69.79,488.53
2025-10-28,Electronics,North,5,251.74,1258.7
2025-10-29,Electronics,East,1,314.02,314.02
2025-10-29,Home,North,4,112.16,448.64
2025-10-29,Electronics,West,2,344.91,689.82
2025-10-29,Grocery,South,5,18.47,92.35
2025-10-29,Electronics,East,1,340.36,340.36
2025-10-29,Electronics,West,6,342.68,2056.08
2025-10-30,Grocery,West,7,12.25,85.75
2025-10-30,Clothing,East,3,51.84,155.52
2025-10-30,Home,North,1,85.93,85.93
2025-10-30,Home,West,2,116.88,233.76
2025-10-31,Clothing,East,5,73.68,368.4
2025-10-31,Clothing,West,2,72.29,144.58
2025-10-31,Electronics,West,2,303.6,607.2
2025-10-31,Grocery,East,7,15.53,108.71
2025-10-31,Grocery,South,6,14.12,84.72
2025-11-01,Clothing,East,2,52.14,130.35
2025-11-01,Grocery,East,3,13.82,51.82
2025-11-01,Grocery,East,3,19.05,71.44
2025-11-02,Grocery,South,3,18.82,70.58
2025-11-02,Electronics,East,6,280.87,2106.52
2025-11-02,Grocery,East,2,16.95,42.38
2025-11-02,Grocery,East,2,16.12,40.3
2025-11-02,Home,North,2,95.01,237.52
2025-11-03,Electronics,East,6,339.31,2544.83
2025-11-03,Beauty,North,1,37.09,46.36
2025-11-03,Clothing,East,1,56.49,70.61
2025-11-03,Beauty,East,3,38.71,145.16
2025-11-03,Electronics,East,7,363.98,3184.82
2025-11-03,Clothing,West,3,61.46,230.48
2025-11-04,Clothing,North,2,72.66,181.65
2025-11-04,Electronics,East,3,281.24,1054.65
2025-11-04,Clothing,East,4,72.35,361.75
2025-11-04,Home,West,5,92.1,575.62
2025-11-04,Home,East,7,96.95,848.31
2025-11-04,Grocery,North,2,16.89,42.22
2025-11-05,Electronics,North,5,288.24,1801.5
2025-11-05,Electronics,West,2,337.18,842.95
2025-11-05,Home,South,7,86.54,757.23
2025-11-05,Grocery,East,7,17.5,153.12
2025-11-05,Electronics,East,1,280.31,350.39
2025-11-06,Grocery,East,2,16.52,41.3
2025-11-06,Beauty,West,5,34.78,217.38
2025-11-06,Clothing,East,5,71.35,445.94
2025-11-07,Clothing,West,7,57.65,504.44
2025-11-07,Clothing,North,2,64.52,161.3
2025-11-07,Beauty,East,1,38.98,48.72
2025-11-07,Beauty,East,4,35.08,175.4
2025-11-07,Electronics,West,6,258.25,1936.88
2025-11-07,Electronics,North,5,302.27,1889.19
2025-11-07,Electronics,West,3,358.86,1345.72
2025-11-07,Electronics,East,2,276.22,690.55
2025-11-07,Home,West,2,92.12,230.3
2025-11-08,Grocery,West,6,16.94,127.05
2025-11-08,Electronics,East,7,317.84,2781.1
2025-11-08,Clothing,South,7,54.66,478.28
2025-11-08,Electronics,West,2,261.74,654.35
2025-11-08,Grocery,East,1,17.04,21.3
2025-11-08,Electronics,South,3,248.32,931.2
2025-11-08,Home,South,6,99.9,749.25
2025-11-09,Grocery,South,1,13.08,16.35
2025-11-09,Clothing,North,4,48.5,242.5
2025-11-09,Grocery,South,1,19.49,24.36
2025-11-09,Electronics,North,1,343.41,429.26
2025-11-09,Home,East,5,91.85,574.06
2025-11-10,Clothing,South,2,58.31,145.78
2025-11-10,Electronics,South,6,351.25,2634.38
2025-11-10,Home,North,5,115.21,720.06
2025-11-10,Clothing,South,2,53.05,132.62
2025-11-10,Home,North,6,78.78,590.85
2025-11-11,Grocery,North,2,12.1,30.25
2025-11-11,Clothing,East,7,51.72,452.55
2025-11-11,Home,South,6,100.21,751.58
2025-11-12,Beauty,North,4,36.56,182.8
2025-11-12,Grocery,North,4,12.19,60.95
2025-11-12,Grocery,South,7,16.59,145.16
2025-11-13,Grocery,East,4,15.98,79.9
2025-11-13,Clothing,East,4,77.53,387.65
2025-11-13,Clothing,East,4,72.84,364.2
2025-11-13,Electronics,East,2,276.55,691.38
2025-11-14,Grocery,West,5,12.03,75.19
2025-11-15,Clothing,West,2,52.73,131.82
2025-11-16,Clothing,West,5,65.69,410.56
2025-11-16,Grocery,North,6,16.47,123.52
2025-11-16,Clothing,South,1,55.66,69.57
2025-11-16,Grocery,West,3,14.58,54.68
2025-11-17,Grocery,West,6,13.82,103.65
2025-11-17,Clothing,East,7,71.12,622.3
2025-11-17,Beauty,East,5,31.99,199.94
2025-11-18,Electronics,North,2,303.44,758.6
2025-11-18,Clothing,West,6,66.68,500.1
2025-11-18,Clothing,West,2,54.75,136.88
2025-11-19,Electronics,East,4,258.67,1293.35
2025-11-20,Home,North,7,94.76,829.15
2025-11-20,Clothing,East,3,64.58,242.18
2025-11-20,Home,East,4,93.71,468.55
2025-11-20,Clothing,North,2,77.9,194.75
2025-11-21,Beauty,North,2,37.18,92.95
2025-11-21,Electronics,East,1,240.46,300.58
2025-11-22,Clothing,East,1,69.84,87.3
2025-11-22,Electronics,West,4,356.75,1783.75
2025-11-22,Clothing,West,7,72.83,637.26
2025-11-22,Home,East,2,82.23,205.58
2025-11-22,Electronics,South,2,346.39,865.97
2025-11-23,Beauty,East,2,36.76,91.9
2025-11-23,Home,West,2,77.41,193.52
2025-11-23,Clothing,West,1,73.2,91.5
2025-11-24,Clothing,East,6,51.07,383.02
2025-11-24,Home,North,1,75.56,94.45
2025-11-24,Electronics,East,3,383.87,1439.51
2025-11-24,Grocery,West,4,16.0,80.0
2025-11-24,Electronics,West,5,307.29,1920.56
2025-11-24,Beauty,North,5,36.36,227.25
2025-11-25,Grocery,East,6,13.04,97.8
2025-11-26,Clothing,East,7,75.66,662.02
2025-11-26,Home,East,6,72.19,541.42
2025-11-26,Beauty,West,4,32.14,160.7
2025-11-26,Clothing,North,1,57.57,71.96
2025-11-26,Clothing,North,7,52.3,457.62
2025-11-26,Home,South,7,77.61,679.09
2025-11-27,Home,East,3,91.25,342.19
2025-11-27,Grocery,West,2,13.64,34.1
2025-11-28,Electronics,South,6,371.76,2788.2
2025-11-28,Clothing,East,4,66.91,334.55
2025-11-28,Home,South,6,109.92,824.4
2025-11-28,Beauty,East,5,43.68,273.0
2025-11-28,Beauty,East,4,40.77,203.85
2025-11-28,Clothing,North,7,76.77,671.74
2025-11-29,Electronics,South,6,372.53,2793.98
2025-11-30,Clothing,West,4,69.81,349.05
2025-12-01,Home,North,1,106.21,132.76
2025-12-01,Beauty,East,3,38.75,145.31
2025-12-01,Electronics,South,5,345.73,2160.81
2025-12-01,Beauty,West,7,31.06,271.77
2025-12-01,Home,East,6,85.01,637.58
2025-12-01,Beauty,East,7,35.14,307.48
2025-12-02,Grocery,East,4,15.8,79.0
2025-12-02,Home,South,4,72.1,360.5
2025-12-02,Grocery,West,7,13.31,116.46
2025-12-02,Grocery,North,5,18.04,112.75
2025-12-02,Clothing,South,6,68.27,512.02
2025-12-02,Grocery,East,3,16.45,61.69
2025-12-03,Grocery,West,1,16.09,20.11
2025-12-03,Grocery,North,3,17.25,64.69
2025-12-03,Electronics,South,4,325.16,1625.8
2025-12-03,Grocery,South,5,17.93,112.06
2025-12-04,Grocery,North,6,18.05,135.38
2025-12-04,Electronics,South,1,300.71,375.89
2025-12-04,Home,South,5,75.16,469.75
2025-12-04,Clothing,North,1,63.95,79.94
2025-12-04,Clothing,South,1,49.76,62.2
2025-12-04,Beauty,North,7,28.75,251.56
2025-12-04,Home,North,1,82.64,103.3
2025-12-05,Beauty,East,2,30.34,75.85
2025-12-05,Home,West,7,108.8,952.0
2025-12-05,Grocery,West,6,16.72,125.4
2025-12-05,Home,East,3,80.81,303.04
2025-12-05,Home,West,4,85.66,428.3
2025-12-05,Clothing,West,5,76.86,480.38
2025-12-06,Grocery,East,7,15.32,134.05
2025-12-06,Electronics,West,3,281.79,1056.71
2025-12-06,Electronics,South,6,371.69,2787.68
2025-12-07,Home,East,7,107.24,938.35
2025-12-07,Electronics,South,4,371.87,1859.35
2025-12-07,Electronics,West,2,342.68,856.7
2025-12-08,Grocery,South,7,12.92,113.05
2025-12-08,Clothing,West,4,61.53,307.65
2025-12-08,Grocery,West,2,16.7,41.75
2025-12-08,Clothing,East,1,61.81,77.26
2025-12-08,Clothing,South,4,48.89,244.45
2025-12-08,Grocery,North,4,12.92,64.6
2025-12-08,Home,North,7,99.98,874.82
2025-12-09,Grocery,South,7,14.95,130.81
2025-12-09,Electronics,East,4,376.51,1882.55
2025-12-09,Clothing,South,3,63.94,239.77
2025-12-09,Electronics,South,2,306.46,766.15
2025-12-10,Clothing,West,3,58.44,219.15
2025-12-10,Clothing,East,2,48.7,121.75
2025-12-10,Grocery,North,7,15.57,136.24
2025-12-12,Electronics,North,6,376.8,2826.0
2025-12-12,Beauty,North,1,30.49,38.11
2025-12-12,Electronics,South,5,304.11,1900.69
2025-12-12,Beauty,South,3,37.19,139.46
2025-12-13,Grocery,East,1,18.58,23.22
2025-12-13,Clothing,North,6,69.49,521.17
2025-12-13,Clothing,North,1,65.01,81.26
2025-12-13,Electronics,West,3,327.3,1227.38
2025-12-13,Grocery,West,6,18.18,136.35
2025-12-14,Electronics,North,7,323.68,2832.2
2025-12-14,Beauty,South,2,32.3,80.75
2025-12-14,Grocery,West,5,13.34,83.38
2025-12-14,Grocery,East,2,14.29,35.72
2025-12-14,Grocery,South,4,16.51,82.55
2025-12-15,Beauty,North,4,38.02,190.1
2025-12-15,Grocery,West,1,13.01,16.26
2025-12-15,Grocery,East,5,18.63,116.44
2025-12-16,Grocery,East,6,17.12,128.4
2025-12-16,Grocery,West,6,18.77,140.78
2025-12-16,Grocery,East,1,15.47,19.34
2025-12-16,Electronics,West,6,295.8,2218.5
2025-12-17,Grocery,North,6,12.14,91.05
2025-12-17,Grocery,South,6,13.54,101.55
2025-12-17,Clothing,East,3,53.33,199.99
2025-12-17,Grocery,West,4,14.58,72.9
2025-12-17,Grocery,South,4,13.18,65.9
2025-12-17,Grocery,East,3,14.38,53.92
2025-12-17,Clothing,North,7,49.26,431.02
2025-12-17,Electronics,East,6,364.7,2735.25
2025-12-17,Grocery,East,6,17.14,128.55
2025-12-18,Clothing,West,5,61.18,382.38
2025-12-18,Grocery,North,5,19.4,121.25
2025-12-18,Clothing,West,2,69.11,172.78
2025-12-18,Home,North,4,96.27,481.35
2025-12-18,Electronics,East,4,268.01,1340.05
2025-12-18,Grocery,West,3,18.52,69.45
2025-12-18,Grocery,West,7,17.36,151.9
2025-12-18,Clothing,North,2,56.86,142.15
2025-12-18,Electronics,West,1,248.07,310.09
2025-12-19,Grocery,North,4,13.39,66.95
2025-12-19,Grocery,South,1,15.65,19.56
2025-12-20,Clothing,North,1,77.4,96.75
2025-12-20,Grocery,East,6,19.1,143.25
2025-12-20,Home,North,2,72.87,182.18
2025-12-20,Clothing,East,6,73.92,554.4
2025-12-20,Grocery,North,1,12.46,15.58
2025-12-20,Electronics,North,6,376.11,2820.82
2025-12-20,Clothing,South,5,60.36,377.25
2025-12-21,Electronics,East,7,311.1,2722.13
2025-12-21,Home,West,4,85.98,429.9
2025-12-21,Home,East,3,79.53,298.24
2025-12-21,Clothing,West,4,67.59,337.95
2025-12-22,Electronics,East,4,300.03,1500.15
2025-12-22,Home,South,7,73.31,641.46
2025-12-22,Clothing,East,6,50.42,378.15
2025-12-23,Grocery,North,5,16.61,103.81
2025-12-23,Home,West,4,93.62,468.1
2025-12-23,Electronics,East,6,289.04,2167.8
2025-12-24,Clothing,North,5,56.99,356.19
2025-12-24,Grocery,West,6,13.76,103.2
2025-12-24,Clothing,West,7,50.49,441.79
2025-12-24,Clothing,West,5,49.17,307.31
2025-12-24,Beauty,North,3,38.9,145.88
2025-12-25,Beauty,West,7,41.7,364.88
2025-12-25,Clothing,West,3,52.27,196.01
2025-12-26,Home,North,4,82.06,410.3
2025-12-26,Home,North,3,72.55,272.06
2025-12-26,Grocery,North,4,12.39,61.95
2025-12-26,Beauty,North,7,31.64,276.85
2025-12-26,Home,South,2,82.71,206.77
2025-12-26,Home,North,2,86.35,215.88
2025-12-27,Grocery,South,5,15.1,94.38
2025-12-28,Clothing,West,4,65.73,328.65
2025-12-28,Clothing,West,2,48.32,120.8
2025-12-28,Beauty,West,7,33.24,290.85
2025-12-28,Clothing,South,4,64.95,324.75
2025-12-29,Home,North,1,113.61,142.01
2025-12-29,Home,East,3,76.3,286.12
2025-12-30,Clothing,East,4,49.23,246.15
2025-12-30,Electronics,West,2,383.88,959.7
2025-12-30,Beauty,West,4,33.13,165.65
2025-12-30,Grocery,East,2,17.47,43.68
2025-12-30,Home,South,7,103.67,907.11
2025-12-30,Clothing,West,7,66.77,584.24
2025-12-30,Home,West,2,95.01,237.52
2025-12-31,Electronics,South,4,277.5,1387.5
2025-12-31,Clothing,West,1,60.41,75.51
2025-12-31,Grocery,North,1,16.32,20.4
2025-12-31,Grocery,West,3,18.9,70.88
2025-12-31,Clothing,North,3,64.67,242.51
